"Abrangência";"Partido";"Sexo";"Faixa Etária";"Eleitores";"%";
"Brasil";"AVANTE";"FEMININO";"16 anos";"1";"0,000"
"Brasil";"AVANTE";"FEMININO";"17 anos";"10";"0,000"
"Brasil";"AVANTE";"FEMININO";"18 a 20 anos";"331";"0,002"
"Brasil";"AVANTE";"FEMININO";"21 a 24 anos";"1.779";"0,011"
"Brasil";"AVANTE";"FEMININO";"25 a 34 anos";"11.878";"0,071"
"Brasil";"AVANTE";"FEMININO";"35 a 44 anos";"19.551";"0,116"
"Brasil";"AVANTE";"FEMININO";"45 a 59 anos";"29.566";"0,176"
"Brasil";"AVANTE";"FEMININO";"60 a 69 anos";"12.184";"0,073"
"Brasil";"AVANTE";"FEMININO";"70 a 79 anos";"5.657";"0,034"
"Brasil";"AVANTE";"FEMININO";"Superior a 79 anos";"3.076";"0,018"
"Brasil";"AVANTE";"MASCULINO";"17 anos";"4";"0,000"
"Brasil";"AVANTE";"MASCULINO";"18 a 20 anos";"336";"0,002"
"Brasil";"AVANTE";"MASCULINO";"21 a 24 anos";"1.950";"0,012"
"Brasil";"AVANTE";"MASCULINO";"25 a 34 anos";"14.239";"0,085"
"Brasil";"AVANTE";"MASCULINO";"35 a 44 anos";"24.633";"0,147"
"Brasil";"AVANTE";"MASCULINO";"45 a 59 anos";"36.978";"0,220"
"Brasil";"AVANTE";"MASCULINO";"60 a 69 anos";"14.477";"0,086"
"Brasil";"AVANTE";"MASCULINO";"70 a 79 anos";"6.626";"0,039"
"Brasil";"AVANTE";"MASCULINO";"Inválida";"1";"0,000"
"Brasil";"AVANTE";"MASCULINO";"Superior a 79 anos";"3.505";"0,021"
"Brasil";"AVANTE";"NÃO INFORMADO";"35 a 44 anos";"2";"0,000"
"Brasil";"AVANTE";"NÃO INFORMADO";"45 a 59 anos";"68";"0,000"
"Brasil";"AVANTE";"NÃO INFORMADO";"60 a 69 anos";"48";"0,000"
"Brasil";"AVANTE";"NÃO INFORMADO";"70 a 79 anos";"42";"0,000"
"Brasil";"AVANTE";"NÃO INFORMADO";"Superior a 79 anos";"28";"0,000"
"Brasil";"AVANTE";"Não informado (nulo)";"Não informada";"302";"0,002"
"Brasil";"DC";"FEMININO";"17 anos";"5";"0,000"
"Brasil";"DC";"FEMININO";"18 a 20 anos";"317";"0,002"
"Brasil";"DC";"FEMININO";"21 a 24 anos";"1.440";"0,009"
"Brasil";"DC";"FEMININO";"25 a 34 anos";"14.066";"0,084"
"Brasil";"DC";"FEMININO";"35 a 44 anos";"22.931";"0,137"
"Brasil";"DC";"FEMININO";"45 a 59 anos";"27.061";"0,161"
"Brasil";"DC";"FEMININO";"60 a 69 anos";"10.728";"0,064"
"Brasil";"DC";"FEMININO";"70 a 79 anos";"4.745";"0,028"
"Brasil";"DC";"FEMININO";"Inválida";"1";"0,000"
"Brasil";"DC";"FEMININO";"Superior a 79 anos";"2.055";"0,012"
"Brasil";"DC";"MASCULINO";"17 anos";"6";"0,000"
"Brasil";"DC";"MASCULINO";"18 a 20 anos";"354";"0,002"
"Brasil";"DC";"MASCULINO";"21 a 24 anos";"1.772";"0,011"
"Brasil";"DC";"MASCULINO";"25 a 34 anos";"16.093";"0,096"
"Brasil";"DC";"MASCULINO";"35 a 44 anos";"28.269";"0,168"
"Brasil";"DC";"MASCULINO";"45 a 59 anos";"34.506";"0,205"
"Brasil";"DC";"MASCULINO";"60 a 69 anos";"13.697";"0,082"
"Brasil";"DC";"MASCULINO";"70 a 79 anos";"6.055";"0,036"
"Brasil";"DC";"MASCULINO";"Inválida";"3";"0,000"
"Brasil";"DC";"MASCULINO";"Superior a 79 anos";"2.779";"0,017"
"Brasil";"DC";"NÃO INFORMADO";"45 a 59 anos";"51";"0,000"
"Brasil";"DC";"NÃO INFORMADO";"60 a 69 anos";"38";"0,000"
"Brasil";"DC";"NÃO INFORMADO";"70 a 79 anos";"28";"0,000"
"Brasil";"DC";"NÃO INFORMADO";"Superior a 79 anos";"18";"0,000"
"Brasil";"DC";"Não informado (nulo)";"Não informada";"300";"0,002"
"Brasil";"DEM";"FEMININO";"16 anos";"2";"0,000"
"Brasil";"DEM";"FEMININO";"17 anos";"13";"0,000"
"Brasil";"DEM";"FEMININO";"18 a 20 anos";"672";"0,004"
"Brasil";"DEM";"FEMININO";"21 a 24 anos";"3.393";"0,020"
"Brasil";"DEM";"FEMININO";"25 a 34 anos";"34.337";"0,204"
"Brasil";"DEM";"FEMININO";"35 a 44 anos";"85.525";"0,509"
"Brasil";"DEM";"FEMININO";"45 a 59 anos";"173.146";"1,031"
"Brasil";"DEM";"FEMININO";"60 a 69 anos";"92.664";"0,552"
"Brasil";"DEM";"FEMININO";"70 a 79 anos";"52.518";"0,313"
"Brasil";"DEM";"FEMININO";"Inválida";"11";"0,000"
"Brasil";"DEM";"FEMININO";"Superior a 79 anos";"33.161";"0,197"
"Brasil";"DEM";"MASCULINO";"16 anos";"2";"0,000"
"Brasil";"DEM";"MASCULINO";"17 anos";"19";"0,000"
"Brasil";"DEM";"MASCULINO";"18 a 20 anos";"857";"0,005"
"Brasil";"DEM";"MASCULINO";"21 a 24 anos";"4.321";"0,026"
"Brasil";"DEM";"MASCULINO";"25 a 34 anos";"42.497";"0,253"
"Brasil";"DEM";"MASCULINO";"35 a 44 anos";"105.411";"0,627"
"Brasil";"DEM";"MASCULINO";"45 a 59 anos";"208.440";"1,241"
"Brasil";"DEM";"MASCULINO";"60 a 69 anos";"119.158";"0,709"
"Brasil";"DEM";"MASCULINO";"70 a 79 anos";"74.529";"0,444"
"Brasil";"DEM";"MASCULINO";"Inválida";"13";"0,000"
"Brasil";"DEM";"MASCULINO";"Superior a 79 anos";"54.985";"0,327"
"Brasil";"DEM";"NÃO INFORMADO";"35 a 44 anos";"5";"0,000"
"Brasil";"DEM";"NÃO INFORMADO";"45 a 59 anos";"277";"0,002"
"Brasil";"DEM";"NÃO INFORMADO";"60 a 69 anos";"217";"0,001"
"Brasil";"DEM";"NÃO INFORMADO";"70 a 79 anos";"181";"0,001"
"Brasil";"DEM";"NÃO INFORMADO";"Superior a 79 anos";"203";"0,001"
"Brasil";"DEM";"Não informado (nulo)";"Não informada";"7.605";"0,045"
"Brasil";"MDB";"FEMININO";"16 anos";"2";"0,000"
"Brasil";"MDB";"FEMININO";"17 anos";"70";"0,000"
"Brasil";"MDB";"FEMININO";"18 a 20 anos";"2.201";"0,013"
"Brasil";"MDB";"FEMININO";"21 a 24 anos";"9.978";"0,059"
"Brasil";"MDB";"FEMININO";"25 a 34 anos";"81.453";"0,485"
"Brasil";"MDB";"FEMININO";"35 a 44 anos";"143.027";"0,851"
"Brasil";"MDB";"FEMININO";"45 a 59 anos";"370.431";"2,205"
"Brasil";"MDB";"FEMININO";"60 a 69 anos";"242.592";"1,444"
"Brasil";"MDB";"FEMININO";"70 a 79 anos";"135.819";"0,808"
"Brasil";"MDB";"FEMININO";"Inválida";"16";"0,000"
"Brasil";"MDB";"FEMININO";"Superior a 79 anos";"90.384";"0,538"
"Brasil";"MDB";"MASCULINO";"16 anos";"9";"0,000"
"Brasil";"MDB";"MASCULINO";"17 anos";"75";"0,000"
"Brasil";"MDB";"MASCULINO";"18 a 20 anos";"2.384";"0,014"
"Brasil";"MDB";"MASCULINO";"21 a 24 anos";"11.685";"0,070"
"Brasil";"MDB";"MASCULINO";"25 a 34 anos";"94.593";"0,563"
"Brasil";"MDB";"MASCULINO";"35 a 44 anos";"174.791";"1,040"
"Brasil";"MDB";"MASCULINO";"45 a 59 anos";"434.522";"2,587"
"Brasil";"MDB";"MASCULINO";"60 a 69 anos";"292.212";"1,739"
"Brasil";"MDB";"MASCULINO";"70 a 79 anos";"174.189";"1,037"
"Brasil";"MDB";"MASCULINO";"Inválida";"28";"0,000"
"Brasil";"MDB";"MASCULINO";"Superior a 79 anos";"127.587";"0,759"
"Brasil";"MDB";"NÃO INFORMADO";"35 a 44 anos";"7";"0,000"
"Brasil";"MDB";"NÃO INFORMADO";"45 a 59 anos";"736";"0,004"
"Brasil";"MDB";"NÃO INFORMADO";"60 a 69 anos";"817";"0,005"
"Brasil";"MDB";"NÃO INFORMADO";"70 a 79 anos";"700";"0,004"
"Brasil";"MDB";"NÃO INFORMADO";"Superior a 79 anos";"811";"0,005"
"Brasil";"MDB";"Não informado (nulo)";"Não informada";"3.428";"0,020"
"Brasil";"NOVO";"FEMININO";"17 anos";"5";"0,000"
"Brasil";"NOVO";"FEMININO";"18 a 20 anos";"14";"0,000"
"Brasil";"NOVO";"FEMININO";"21 a 24 anos";"54";"0,000"
"Brasil";"NOVO";"FEMININO";"25 a 34 anos";"521";"0,003"
"Brasil";"NOVO";"FEMININO";"35 a 44 anos";"713";"0,004"
"Brasil";"NOVO";"FEMININO";"45 a 59 anos";"941";"0,006"
"Brasil";"NOVO";"FEMININO";"60 a 69 anos";"398";"0,002"
"Brasil";"NOVO";"FEMININO";"70 a 79 anos";"106";"0,001"
"Brasil";"NOVO";"FEMININO";"Superior a 79 anos";"28";"0,000"
"Brasil";"NOVO";"MASCULINO";"16 anos";"3";"0,000"
"Brasil";"NOVO";"MASCULINO";"17 anos";"5";"0,000"
"Brasil";"NOVO";"MASCULINO";"18 a 20 anos";"100";"0,001"
"Brasil";"NOVO";"MASCULINO";"21 a 24 anos";"399";"0,002"
"Brasil";"NOVO";"MASCULINO";"25 a 34 anos";"4.177";"0,025"
"Brasil";"NOVO";"MASCULINO";"35 a 44 anos";"5.294";"0,032"
"Brasil";"NOVO";"MASCULINO";"45 a 59 anos";"4.293";"0,026"
"Brasil";"NOVO";"MASCULINO";"60 a 69 anos";"1.475";"0,009"
"Brasil";"NOVO";"MASCULINO";"70 a 79 anos";"444";"0,003"
"Brasil";"NOVO";"MASCULINO";"Superior a 79 anos";"53";"0,000"
"Brasil";"NOVO";"NÃO INFORMADO";"45 a 59 anos";"1";"0,000"
"Brasil";"NOVO";"NÃO INFORMADO";"60 a 69 anos";"2";"0,000"
"Brasil";"PATRI";"FEMININO";"16 anos";"1";"0,000"
"Brasil";"PATRI";"FEMININO";"17 anos";"16";"0,000"
"Brasil";"PATRI";"FEMININO";"18 a 20 anos";"696";"0,004"
"Brasil";"PATRI";"FEMININO";"21 a 24 anos";"2.780";"0,017"
"Brasil";"PATRI";"FEMININO";"25 a 34 anos";"7.722";"0,046"
"Brasil";"PATRI";"FEMININO";"35 a 44 anos";"8.246";"0,049"
"Brasil";"PATRI";"FEMININO";"45 a 59 anos";"8.699";"0,052"
"Brasil";"PATRI";"FEMININO";"60 a 69 anos";"2.601";"0,015"
"Brasil";"PATRI";"FEMININO";"70 a 79 anos";"741";"0,004"
"Brasil";"PATRI";"FEMININO";"Inválida";"1";"0,000"
"Brasil";"PATRI";"FEMININO";"Superior a 79 anos";"160";"0,001"
"Brasil";"PATRI";"MASCULINO";"16 anos";"6";"0,000"
"Brasil";"PATRI";"MASCULINO";"17 anos";"21";"0,000"
"Brasil";"PATRI";"MASCULINO";"18 a 20 anos";"859";"0,005"
"Brasil";"PATRI";"MASCULINO";"21 a 24 anos";"3.256";"0,019"
"Brasil";"PATRI";"MASCULINO";"25 a 34 anos";"10.547";"0,063"
"Brasil";"PATRI";"MASCULINO";"35 a 44 anos";"12.882";"0,077"
"Brasil";"PATRI";"MASCULINO";"45 a 59 anos";"14.742";"0,088"
"Brasil";"PATRI";"MASCULINO";"60 a 69 anos";"4.346";"0,026"
"Brasil";"PATRI";"MASCULINO";"70 a 79 anos";"1.212";"0,007"
"Brasil";"PATRI";"MASCULINO";"Inválida";"2";"0,000"
"Brasil";"PATRI";"MASCULINO";"Superior a 79 anos";"243";"0,001"
"Brasil";"PATRI";"NÃO INFORMADO";"45 a 59 anos";"14";"0,000"
"Brasil";"PATRI";"NÃO INFORMADO";"60 a 69 anos";"6";"0,000"
"Brasil";"PATRI";"NÃO INFORMADO";"70 a 79 anos";"3";"0,000"
"Brasil";"PATRI";"NÃO INFORMADO";"Superior a 79 anos";"1";"0,000"
"Brasil";"PC DO B";"FEMININO";"17 anos";"22";"0,000"
"Brasil";"PC DO B";"FEMININO";"18 a 20 anos";"879";"0,005"
"Brasil";"PC DO B";"FEMININO";"21 a 24 anos";"4.134";"0,025"
"Brasil";"PC DO B";"FEMININO";"25 a 34 anos";"29.836";"0,178"
"Brasil";"PC DO B";"FEMININO";"35 a 44 anos";"40.906";"0,243"
"Brasil";"PC DO B";"FEMININO";"45 a 59 anos";"61.051";"0,363"
"Brasil";"PC DO B";"FEMININO";"60 a 69 anos";"24.758";"0,147"
"Brasil";"PC DO B";"FEMININO";"70 a 79 anos";"10.849";"0,065"
"Brasil";"PC DO B";"FEMININO";"Inválida";"3";"0,000"
"Brasil";"PC DO B";"FEMININO";"Superior a 79 anos";"5.268";"0,031"
"Brasil";"PC DO B";"MASCULINO";"16 anos";"3";"0,000"
"Brasil";"PC DO B";"MASCULINO";"17 anos";"33";"0,000"
"Brasil";"PC DO B";"MASCULINO";"18 a 20 anos";"893";"0,005"
"Brasil";"PC DO B";"MASCULINO";"21 a 24 anos";"4.522";"0,027"
"Brasil";"PC DO B";"MASCULINO";"25 a 34 anos";"35.998";"0,214"
"Brasil";"PC DO B";"MASCULINO";"35 a 44 anos";"53.886";"0,321"
"Brasil";"PC DO B";"MASCULINO";"45 a 59 anos";"77.186";"0,459"
"Brasil";"PC DO B";"MASCULINO";"60 a 69 anos";"29.039";"0,173"
"Brasil";"PC DO B";"MASCULINO";"70 a 79 anos";"11.585";"0,069"
"Brasil";"PC DO B";"MASCULINO";"Inválida";"7";"0,000"
"Brasil";"PC DO B";"MASCULINO";"Superior a 79 anos";"5.320";"0,032"
"Brasil";"PC DO B";"NÃO INFORMADO";"35 a 44 anos";"3";"0,000"
"Brasil";"PC DO B";"NÃO INFORMADO";"45 a 59 anos";"90";"0,001"
"Brasil";"PC DO B";"NÃO INFORMADO";"60 a 69 anos";"76";"0,000"
"Brasil";"PC DO B";"NÃO INFORMADO";"70 a 79 anos";"61";"0,000"
"Brasil";"PC DO B";"NÃO INFORMADO";"Superior a 79 anos";"44";"0,000"
"Brasil";"PC DO B";"Não informado (nulo)";"Não informada";"886";"0,005"
"Brasil";"PCB";"FEMININO";"18 a 20 anos";"4";"0,000"
"Brasil";"PCB";"FEMININO";"21 a 24 anos";"26";"0,000"
"Brasil";"PCB";"FEMININO";"25 a 34 anos";"635";"0,004"
"Brasil";"PCB";"FEMININO";"35 a 44 anos";"1.339";"0,008"
"Brasil";"PCB";"FEMININO";"45 a 59 anos";"2.554";"0,015"
"Brasil";"PCB";"FEMININO";"60 a 69 anos";"1.071";"0,006"
"Brasil";"PCB";"FEMININO";"70 a 79 anos";"561";"0,003"
"Brasil";"PCB";"FEMININO";"Superior a 79 anos";"390";"0,002"
"Brasil";"PCB";"MASCULINO";"18 a 20 anos";"4";"0,000"
"Brasil";"PCB";"MASCULINO";"21 a 24 anos";"42";"0,000"
"Brasil";"PCB";"MASCULINO";"25 a 34 anos";"820";"0,005"
"Brasil";"PCB";"MASCULINO";"35 a 44 anos";"1.940";"0,012"
"Brasil";"PCB";"MASCULINO";"45 a 59 anos";"3.007";"0,018"
"Brasil";"PCB";"MASCULINO";"60 a 69 anos";"1.189";"0,007"
"Brasil";"PCB";"MASCULINO";"70 a 79 anos";"605";"0,004"
"Brasil";"PCB";"MASCULINO";"Inválida";"1";"0,000"
"Brasil";"PCB";"MASCULINO";"Superior a 79 anos";"408";"0,002"
"Brasil";"PCB";"NÃO INFORMADO";"45 a 59 anos";"4";"0,000"
"Brasil";"PCB";"NÃO INFORMADO";"60 a 69 anos";"2";"0,000"
"Brasil";"PCB";"NÃO INFORMADO";"70 a 79 anos";"4";"0,000"
"Brasil";"PCB";"Não informado (nulo)";"Não informada";"112";"0,001"
"Brasil";"PCO";"FEMININO";"16 anos";"1";"0,000"
"Brasil";"PCO";"FEMININO";"18 a 20 anos";"29";"0,000"
"Brasil";"PCO";"FEMININO";"21 a 24 anos";"26";"0,000"
"Brasil";"PCO";"FEMININO";"25 a 34 anos";"161";"0,001"
"Brasil";"PCO";"FEMININO";"35 a 44 anos";"396";"0,002"
"Brasil";"PCO";"FEMININO";"45 a 59 anos";"507";"0,003"
"Brasil";"PCO";"FEMININO";"60 a 69 anos";"231";"0,001"
"Brasil";"PCO";"FEMININO";"70 a 79 anos";"83";"0,000"
"Brasil";"PCO";"FEMININO";"Superior a 79 anos";"37";"0,000"
"Brasil";"PCO";"MASCULINO";"16 anos";"1";"0,000"
"Brasil";"PCO";"MASCULINO";"17 anos";"4";"0,000"
"Brasil";"PCO";"MASCULINO";"18 a 20 anos";"46";"0,000"
"Brasil";"PCO";"MASCULINO";"21 a 24 anos";"78";"0,000"
"Brasil";"PCO";"MASCULINO";"25 a 34 anos";"319";"0,002"
"Brasil";"PCO";"MASCULINO";"35 a 44 anos";"655";"0,004"
"Brasil";"PCO";"MASCULINO";"45 a 59 anos";"757";"0,005"
"Brasil";"PCO";"MASCULINO";"60 a 69 anos";"287";"0,002"
"Brasil";"PCO";"MASCULINO";"70 a 79 anos";"88";"0,001"
"Brasil";"PCO";"MASCULINO";"Superior a 79 anos";"30";"0,000"
"Brasil";"PCO";"NÃO INFORMADO";"45 a 59 anos";"1";"0,000"
"Brasil";"PCO";"NÃO INFORMADO";"60 a 69 anos";"1";"0,000"
"Brasil";"PDT";"FEMININO";"16 anos";"7";"0,000"
"Brasil";"PDT";"FEMININO";"17 anos";"47";"0,000"
"Brasil";"PDT";"FEMININO";"18 a 20 anos";"1.288";"0,008"
"Brasil";"PDT";"FEMININO";"21 a 24 anos";"6.148";"0,037"
"Brasil";"PDT";"FEMININO";"25 a 34 anos";"51.961";"0,309"
"Brasil";"PDT";"FEMININO";"35 a 44 anos";"87.763";"0,522"
"Brasil";"PDT";"FEMININO";"45 a 59 anos";"197.776";"1,177"
"Brasil";"PDT";"FEMININO";"60 a 69 anos";"111.568";"0,664"
"Brasil";"PDT";"FEMININO";"70 a 79 anos";"60.393";"0,359"
"Brasil";"PDT";"FEMININO";"Inválida";"6";"0,000"
"Brasil";"PDT";"FEMININO";"Superior a 79 anos";"40.368";"0,240"
"Brasil";"PDT";"MASCULINO";"16 anos";"2";"0,000"
"Brasil";"PDT";"MASCULINO";"17 anos";"42";"0,000"
"Brasil";"PDT";"MASCULINO";"18 a 20 anos";"1.412";"0,008"
"Brasil";"PDT";"MASCULINO";"21 a 24 anos";"6.935";"0,041"
"Brasil";"PDT";"MASCULINO";"25 a 34 anos";"60.183";"0,358"
"Brasil";"PDT";"MASCULINO";"35 a 44 anos";"109.076";"0,649"
"Brasil";"PDT";"MASCULINO";"45 a 59 anos";"250.954";"1,494"
"Brasil";"PDT";"MASCULINO";"60 a 69 anos";"142.559";"0,849"
"Brasil";"PDT";"MASCULINO";"70 a 79 anos";"74.986";"0,446"
"Brasil";"PDT";"MASCULINO";"Inválida";"11";"0,000"
"Brasil";"PDT";"MASCULINO";"Superior a 79 anos";"50.392";"0,300"
"Brasil";"PDT";"NÃO INFORMADO";"35 a 44 anos";"5";"0,000"
"Brasil";"PDT";"NÃO INFORMADO";"45 a 59 anos";"400";"0,002"
"Brasil";"PDT";"NÃO INFORMADO";"60 a 69 anos";"385";"0,002"
"Brasil";"PDT";"NÃO INFORMADO";"70 a 79 anos";"276";"0,002"
"Brasil";"PDT";"NÃO INFORMADO";"Superior a 79 anos";"305";"0,002"
"Brasil";"PDT";"Não informado (nulo)";"Não informada";"1.832";"0,011"
"Brasil";"PHS";"FEMININO";"17 anos";"12";"0,000"
"Brasil";"PHS";"FEMININO";"18 a 20 anos";"901";"0,005"
"Brasil";"PHS";"FEMININO";"21 a 24 anos";"3.892";"0,023"
"Brasil";"PHS";"FEMININO";"25 a 34 anos";"18.124";"0,108"
"Brasil";"PHS";"FEMININO";"35 a 44 anos";"25.286";"0,151"
"Brasil";"PHS";"FEMININO";"45 a 59 anos";"28.998";"0,173"
"Brasil";"PHS";"FEMININO";"60 a 69 anos";"11.024";"0,066"
"Brasil";"PHS";"FEMININO";"70 a 79 anos";"4.721";"0,028"
"Brasil";"PHS";"FEMININO";"Inválida";"2";"0,000"
"Brasil";"PHS";"FEMININO";"Superior a 79 anos";"1.852";"0,011"
"Brasil";"PHS";"MASCULINO";"16 anos";"1";"0,000"
"Brasil";"PHS";"MASCULINO";"17 anos";"16";"0,000"
"Brasil";"PHS";"MASCULINO";"18 a 20 anos";"951";"0,006"
"Brasil";"PHS";"MASCULINO";"21 a 24 anos";"4.431";"0,026"
"Brasil";"PHS";"MASCULINO";"25 a 34 anos";"21.347";"0,127"
"Brasil";"PHS";"MASCULINO";"35 a 44 anos";"31.846";"0,190"
"Brasil";"PHS";"MASCULINO";"45 a 59 anos";"38.735";"0,231"
"Brasil";"PHS";"MASCULINO";"60 a 69 anos";"14.470";"0,086"
"Brasil";"PHS";"MASCULINO";"70 a 79 anos";"5.889";"0,035"
"Brasil";"PHS";"MASCULINO";"Inválida";"1";"0,000"
"Brasil";"PHS";"MASCULINO";"Superior a 79 anos";"2.240";"0,013"
"Brasil";"PHS";"NÃO INFORMADO";"45 a 59 anos";"44";"0,000"
"Brasil";"PHS";"NÃO INFORMADO";"60 a 69 anos";"28";"0,000"
"Brasil";"PHS";"NÃO INFORMADO";"70 a 79 anos";"23";"0,000"
"Brasil";"PHS";"NÃO INFORMADO";"Superior a 79 anos";"9";"0,000"
"Brasil";"PHS";"Não informado (nulo)";"Não informada";"330";"0,002"
"Brasil";"PMB";"FEMININO";"16 anos";"1";"0,000"
"Brasil";"PMB";"FEMININO";"17 anos";"17";"0,000"
"Brasil";"PMB";"FEMININO";"18 a 20 anos";"781";"0,005"
"Brasil";"PMB";"FEMININO";"21 a 24 anos";"2.042";"0,012"
"Brasil";"PMB";"FEMININO";"25 a 34 anos";"5.690";"0,034"
"Brasil";"PMB";"FEMININO";"35 a 44 anos";"6.010";"0,036"
"Brasil";"PMB";"FEMININO";"45 a 59 anos";"6.485";"0,039"
"Brasil";"PMB";"FEMININO";"60 a 69 anos";"1.844";"0,011"
"Brasil";"PMB";"FEMININO";"70 a 79 anos";"511";"0,003"
"Brasil";"PMB";"FEMININO";"Superior a 79 anos";"94";"0,001"
"Brasil";"PMB";"MASCULINO";"16 anos";"1";"0,000"
"Brasil";"PMB";"MASCULINO";"17 anos";"5";"0,000"
"Brasil";"PMB";"MASCULINO";"18 a 20 anos";"572";"0,003"
"Brasil";"PMB";"MASCULINO";"21 a 24 anos";"1.659";"0,010"
"Brasil";"PMB";"MASCULINO";"25 a 34 anos";"4.378";"0,026"
"Brasil";"PMB";"MASCULINO";"35 a 44 anos";"4.752";"0,028"
"Brasil";"PMB";"MASCULINO";"45 a 59 anos";"5.427";"0,032"
"Brasil";"PMB";"MASCULINO";"60 a 69 anos";"1.732";"0,010"
"Brasil";"PMB";"MASCULINO";"70 a 79 anos";"497";"0,003"
"Brasil";"PMB";"MASCULINO";"Superior a 79 anos";"105";"0,001"
"Brasil";"PMB";"NÃO INFORMADO";"45 a 59 anos";"10";"0,000"
"Brasil";"PMB";"NÃO INFORMADO";"60 a 69 anos";"1";"0,000"
"Brasil";"PMB";"NÃO INFORMADO";"70 a 79 anos";"5";"0,000"
"Brasil";"PMN";"FEMININO";"17 anos";"18";"0,000"
"Brasil";"PMN";"FEMININO";"18 a 20 anos";"378";"0,002"
"Brasil";"PMN";"FEMININO";"21 a 24 anos";"1.695";"0,010"
"Brasil";"PMN";"FEMININO";"25 a 34 anos";"10.876";"0,065"
"Brasil";"PMN";"FEMININO";"35 a 44 anos";"19.229";"0,114"
"Brasil";"PMN";"FEMININO";"45 a 59 anos";"39.667";"0,236"
"Brasil";"PMN";"FEMININO";"60 a 69 anos";"16.549";"0,099"
"Brasil";"PMN";"FEMININO";"70 a 79 anos";"7.936";"0,047"
"Brasil";"PMN";"FEMININO";"Inválida";"2";"0,000"
"Brasil";"PMN";"FEMININO";"Superior a 79 anos";"3.747";"0,022"
"Brasil";"PMN";"MASCULINO";"17 anos";"4";"0,000"
"Brasil";"PMN";"MASCULINO";"18 a 20 anos";"445";"0,003"
"Brasil";"PMN";"MASCULINO";"21 a 24 anos";"1.908";"0,011"
"Brasil";"PMN";"MASCULINO";"25 a 34 anos";"12.914";"0,077"
"Brasil";"PMN";"MASCULINO";"35 a 44 anos";"24.971";"0,149"
"Brasil";"PMN";"MASCULINO";"45 a 59 anos";"48.510";"0,289"
"Brasil";"PMN";"MASCULINO";"60 a 69 anos";"19.342";"0,115"
"Brasil";"PMN";"MASCULINO";"70 a 79 anos";"8.460";"0,050"
"Brasil";"PMN";"MASCULINO";"Inválida";"8";"0,000"
"Brasil";"PMN";"MASCULINO";"Superior a 79 anos";"4.167";"0,025"
"Brasil";"PMN";"NÃO INFORMADO";"35 a 44 anos";"1";"0,000"
"Brasil";"PMN";"NÃO INFORMADO";"45 a 59 anos";"66";"0,000"
"Brasil";"PMN";"NÃO INFORMADO";"60 a 69 anos";"63";"0,000"
"Brasil";"PMN";"NÃO INFORMADO";"70 a 79 anos";"49";"0,000"
"Brasil";"PMN";"NÃO INFORMADO";"Superior a 79 anos";"26";"0,000"
"Brasil";"PMN";"Não informado (nulo)";"Não informada";"152";"0,001"
"Brasil";"PODE";"FEMININO";"16 anos";"3";"0,000"
"Brasil";"PODE";"FEMININO";"17 anos";"17";"0,000"
"Brasil";"PODE";"FEMININO";"18 a 20 anos";"540";"0,003"
"Brasil";"PODE";"FEMININO";"21 a 24 anos";"2.162";"0,013"
"Brasil";"PODE";"FEMININO";"25 a 34 anos";"13.054";"0,078"
"Brasil";"PODE";"FEMININO";"35 a 44 anos";"19.723";"0,117"
"Brasil";"PODE";"FEMININO";"45 a 59 anos";"22.575";"0,134"
"Brasil";"PODE";"FEMININO";"60 a 69 anos";"8.204";"0,049"
"Brasil";"PODE";"FEMININO";"70 a 79 anos";"3.552";"0,021"
"Brasil";"PODE";"FEMININO";"Inválida";"1";"0,000"
"Brasil";"PODE";"FEMININO";"Superior a 79 anos";"1.432";"0,009"
"Brasil";"PODE";"MASCULINO";"16 anos";"2";"0,000"
"Brasil";"PODE";"MASCULINO";"17 anos";"12";"0,000"
"Brasil";"PODE";"MASCULINO";"18 a 20 anos";"605";"0,004"
"Brasil";"PODE";"MASCULINO";"21 a 24 anos";"2.558";"0,015"
"Brasil";"PODE";"MASCULINO";"25 a 34 anos";"16.201";"0,096"
"Brasil";"PODE";"MASCULINO";"35 a 44 anos";"26.114";"0,155"
"Brasil";"PODE";"MASCULINO";"45 a 59 anos";"31.467";"0,187"
"Brasil";"PODE";"MASCULINO";"60 a 69 anos";"11.666";"0,069"
"Brasil";"PODE";"MASCULINO";"70 a 79 anos";"4.781";"0,028"
"Brasil";"PODE";"MASCULINO";"Superior a 79 anos";"1.917";"0,011"
"Brasil";"PODE";"NÃO INFORMADO";"45 a 59 anos";"40";"0,000"
"Brasil";"PODE";"NÃO INFORMADO";"60 a 69 anos";"31";"0,000"
"Brasil";"PODE";"NÃO INFORMADO";"70 a 79 anos";"17";"0,000"
"Brasil";"PODE";"NÃO INFORMADO";"Superior a 79 anos";"7";"0,000"
"Brasil";"PODE";"Não informado (nulo)";"Não informada";"360";"0,002"
"Brasil";"PP";"FEMININO";"16 anos";"11";"0,000"
"Brasil";"PP";"FEMININO";"17 anos";"44";"0,000"
"Brasil";"PP";"FEMININO";"18 a 20 anos";"1.482";"0,009"
"Brasil";"PP";"FEMININO";"21 a 24 anos";"6.256";"0,037"
"Brasil";"PP";"FEMININO";"25 a 34 anos";"44.335";"0,264"
"Brasil";"PP";"FEMININO";"35 a 44 anos";"87.628";"0,522"
"Brasil";"PP";"FEMININO";"45 a 59 anos";"215.904";"1,285"
"Brasil";"PP";"FEMININO";"60 a 69 anos";"140.391";"0,836"
"Brasil";"PP";"FEMININO";"70 a 79 anos";"83.409";"0,497"
"Brasil";"PP";"FEMININO";"Inválida";"6";"0,000"
"Brasil";"PP";"FEMININO";"Superior a 79 anos";"62.057";"0,369"
"Brasil";"PP";"MASCULINO";"16 anos";"11";"0,000"
"Brasil";"PP";"MASCULINO";"17 anos";"45";"0,000"
"Brasil";"PP";"MASCULINO";"18 a 20 anos";"1.534";"0,009"
"Brasil";"PP";"MASCULINO";"21 a 24 anos";"6.796";"0,040"
"Brasil";"PP";"MASCULINO";"25 a 34 anos";"52.676";"0,314"
"Brasil";"PP";"MASCULINO";"35 a 44 anos";"110.669";"0,659"
"Brasil";"PP";"MASCULINO";"45 a 59 anos";"263.580";"1,569"
"Brasil";"PP";"MASCULINO";"60 a 69 anos";"169.325";"1,008"
"Brasil";"PP";"MASCULINO";"70 a 79 anos";"107.200";"0,638"
"Brasil";"PP";"MASCULINO";"Inválida";"13";"0,000"
"Brasil";"PP";"MASCULINO";"Superior a 79 anos";"87.766";"0,522"
"Brasil";"PP";"NÃO INFORMADO";"35 a 44 anos";"4";"0,000"
"Brasil";"PP";"NÃO INFORMADO";"45 a 59 anos";"372";"0,002"
"Brasil";"PP";"NÃO INFORMADO";"60 a 69 anos";"385";"0,002"
"Brasil";"PP";"NÃO INFORMADO";"70 a 79 anos";"378";"0,002"
"Brasil";"PP";"NÃO INFORMADO";"Superior a 79 anos";"514";"0,003"
"Brasil";"PP";"Não informado (nulo)";"Não informada";"1.473";"0,009"
"Brasil";"PPL";"FEMININO";"16 anos";"1";"0,000"
"Brasil";"PPL";"FEMININO";"17 anos";"7";"0,000"
"Brasil";"PPL";"FEMININO";"18 a 20 anos";"265";"0,002"
"Brasil";"PPL";"FEMININO";"21 a 24 anos";"1.205";"0,007"
"Brasil";"PPL";"FEMININO";"25 a 34 anos";"4.482";"0,027"
"Brasil";"PPL";"FEMININO";"35 a 44 anos";"4.433";"0,026"
"Brasil";"PPL";"FEMININO";"45 a 59 anos";"5.009";"0,030"
"Brasil";"PPL";"FEMININO";"60 a 69 anos";"1.550";"0,009"
"Brasil";"PPL";"FEMININO";"70 a 79 anos";"479";"0,003"
"Brasil";"PPL";"FEMININO";"Superior a 79 anos";"125";"0,001"
"Brasil";"PPL";"MASCULINO";"16 anos";"1";"0,000"
"Brasil";"PPL";"MASCULINO";"17 anos";"8";"0,000"
"Brasil";"PPL";"MASCULINO";"18 a 20 anos";"276";"0,002"
"Brasil";"PPL";"MASCULINO";"21 a 24 anos";"1.396";"0,008"
"Brasil";"PPL";"MASCULINO";"25 a 34 anos";"5.276";"0,031"
"Brasil";"PPL";"MASCULINO";"35 a 44 anos";"5.843";"0,035"
"Brasil";"PPL";"MASCULINO";"45 a 59 anos";"6.984";"0,042"
"Brasil";"PPL";"MASCULINO";"60 a 69 anos";"2.298";"0,014"
"Brasil";"PPL";"MASCULINO";"70 a 79 anos";"668";"0,004"
"Brasil";"PPL";"MASCULINO";"Superior a 79 anos";"138";"0,001"
"Brasil";"PPL";"NÃO INFORMADO";"45 a 59 anos";"5";"0,000"
"Brasil";"PPL";"NÃO INFORMADO";"60 a 69 anos";"1";"0,000"
"Brasil";"PPL";"NÃO INFORMADO";"70 a 79 anos";"1";"0,000"
"Brasil";"PPL";"NÃO INFORMADO";"Superior a 79 anos";"3";"0,000"
"Brasil";"PPS";"FEMININO";"17 anos";"14";"0,000"
"Brasil";"PPS";"FEMININO";"18 a 20 anos";"482";"0,003"
"Brasil";"PPS";"FEMININO";"21 a 24 anos";"2.312";"0,014"
"Brasil";"PPS";"FEMININO";"25 a 34 anos";"20.589";"0,123"
"Brasil";"PPS";"FEMININO";"35 a 44 anos";"49.732";"0,296"
"Brasil";"PPS";"FEMININO";"45 a 59 anos";"73.086";"0,435"
"Brasil";"PPS";"FEMININO";"60 a 69 anos";"32.523";"0,194"
"Brasil";"PPS";"FEMININO";"70 a 79 anos";"14.864";"0,088"
"Brasil";"PPS";"FEMININO";"Inválida";"3";"0,000"
"Brasil";"PPS";"FEMININO";"Superior a 79 anos";"7.497";"0,045"
"Brasil";"PPS";"MASCULINO";"16 anos";"4";"0,000"
"Brasil";"PPS";"MASCULINO";"17 anos";"10";"0,000"
"Brasil";"PPS";"MASCULINO";"18 a 20 anos";"626";"0,004"
"Brasil";"PPS";"MASCULINO";"21 a 24 anos";"2.818";"0,017"
"Brasil";"PPS";"MASCULINO";"25 a 34 anos";"27.064";"0,161"
"Brasil";"PPS";"MASCULINO";"35 a 44 anos";"68.293";"0,407"
"Brasil";"PPS";"MASCULINO";"45 a 59 anos";"102.714";"0,611"
"Brasil";"PPS";"MASCULINO";"60 a 69 anos";"45.329";"0,270"
"Brasil";"PPS";"MASCULINO";"70 a 79 anos";"20.869";"0,124"
"Brasil";"PPS";"MASCULINO";"Inválida";"6";"0,000"
"Brasil";"PPS";"MASCULINO";"Superior a 79 anos";"10.594";"0,063"
"Brasil";"PPS";"NÃO INFORMADO";"35 a 44 anos";"1";"0,000"
"Brasil";"PPS";"NÃO INFORMADO";"45 a 59 anos";"116";"0,001"
"Brasil";"PPS";"NÃO INFORMADO";"60 a 69 anos";"105";"0,001"
"Brasil";"PPS";"NÃO INFORMADO";"70 a 79 anos";"53";"0,000"
"Brasil";"PPS";"NÃO INFORMADO";"Superior a 79 anos";"56";"0,000"
"Brasil";"PPS";"Não informado (nulo)";"Não informada";"2.381";"0,014"
"Brasil";"PR";"FEMININO";"16 anos";"2";"0,000"
"Brasil";"PR";"FEMININO";"17 anos";"14";"0,000"
"Brasil";"PR";"FEMININO";"18 a 20 anos";"776";"0,005"
"Brasil";"PR";"FEMININO";"21 a 24 anos";"3.585";"0,021"
"Brasil";"PR";"FEMININO";"25 a 34 anos";"32.193";"0,192"
"Brasil";"PR";"FEMININO";"35 a 44 anos";"69.235";"0,412"
"Brasil";"PR";"FEMININO";"45 a 59 anos";"133.295";"0,793"
"Brasil";"PR";"FEMININO";"60 a 69 anos";"63.454";"0,378"
"Brasil";"PR";"FEMININO";"70 a 79 anos";"33.029";"0,197"
"Brasil";"PR";"FEMININO";"Inválida";"8";"0,000"
"Brasil";"PR";"FEMININO";"Superior a 79 anos";"19.263";"0,115"
"Brasil";"PR";"MASCULINO";"16 anos";"2";"0,000"
"Brasil";"PR";"MASCULINO";"17 anos";"23";"0,000"
"Brasil";"PR";"MASCULINO";"18 a 20 anos";"874";"0,005"
"Brasil";"PR";"MASCULINO";"21 a 24 anos";"4.339";"0,026"
"Brasil";"PR";"MASCULINO";"25 a 34 anos";"39.049";"0,232"
"Brasil";"PR";"MASCULINO";"35 a 44 anos";"86.970";"0,518"
"Brasil";"PR";"MASCULINO";"45 a 59 anos";"164.786";"0,981"
"Brasil";"PR";"MASCULINO";"60 a 69 anos";"79.077";"0,471"
"Brasil";"PR";"MASCULINO";"70 a 79 anos";"41.182";"0,245"
"Brasil";"PR";"MASCULINO";"Inválida";"16";"0,000"
"Brasil";"PR";"MASCULINO";"Superior a 79 anos";"24.803";"0,148"
"Brasil";"PR";"NÃO INFORMADO";"35 a 44 anos";"5";"0,000"
"Brasil";"PR";"NÃO INFORMADO";"45 a 59 anos";"281";"0,002"
"Brasil";"PR";"NÃO INFORMADO";"60 a 69 anos";"219";"0,001"
"Brasil";"PR";"NÃO INFORMADO";"70 a 79 anos";"158";"0,001"
"Brasil";"PR";"NÃO INFORMADO";"Superior a 79 anos";"154";"0,001"
"Brasil";"PR";"Não informado (nulo)";"Não informada";"604";"0,004"
"Brasil";"PRB";"FEMININO";"16 anos";"5";"0,000"
"Brasil";"PRB";"FEMININO";"17 anos";"32";"0,000"
"Brasil";"PRB";"FEMININO";"18 a 20 anos";"1.425";"0,008"
"Brasil";"PRB";"FEMININO";"21 a 24 anos";"6.429";"0,038"
"Brasil";"PRB";"FEMININO";"25 a 34 anos";"49.297";"0,293"
"Brasil";"PRB";"FEMININO";"35 a 44 anos";"52.123";"0,310"
"Brasil";"PRB";"FEMININO";"45 a 59 anos";"59.444";"0,354"
"Brasil";"PRB";"FEMININO";"60 a 69 anos";"22.553";"0,134"
"Brasil";"PRB";"FEMININO";"70 a 79 anos";"9.317";"0,055"
"Brasil";"PRB";"FEMININO";"Inválida";"2";"0,000"
"Brasil";"PRB";"FEMININO";"Superior a 79 anos";"2.723";"0,016"
"Brasil";"PRB";"MASCULINO";"17 anos";"47";"0,000"
"Brasil";"PRB";"MASCULINO";"18 a 20 anos";"1.479";"0,009"
"Brasil";"PRB";"MASCULINO";"21 a 24 anos";"6.707";"0,040"
"Brasil";"PRB";"MASCULINO";"25 a 34 anos";"46.814";"0,279"
"Brasil";"PRB";"MASCULINO";"35 a 44 anos";"51.810";"0,308"
"Brasil";"PRB";"MASCULINO";"45 a 59 anos";"56.774";"0,338"
"Brasil";"PRB";"MASCULINO";"60 a 69 anos";"19.536";"0,116"
"Brasil";"PRB";"MASCULINO";"70 a 79 anos";"7.589";"0,045"
"Brasil";"PRB";"MASCULINO";"Inválida";"4";"0,000"
"Brasil";"PRB";"MASCULINO";"Superior a 79 anos";"2.198";"0,013"
"Brasil";"PRB";"NÃO INFORMADO";"35 a 44 anos";"1";"0,000"
"Brasil";"PRB";"NÃO INFORMADO";"45 a 59 anos";"60";"0,000"
"Brasil";"PRB";"NÃO INFORMADO";"60 a 69 anos";"31";"0,000"
"Brasil";"PRB";"NÃO INFORMADO";"70 a 79 anos";"20";"0,000"
"Brasil";"PRB";"NÃO INFORMADO";"Superior a 79 anos";"13";"0,000"
"Brasil";"PRB";"Não informado (nulo)";"Não informada";"363";"0,002"
"Brasil";"PROS";"FEMININO";"16 anos";"5";"0,000"
"Brasil";"PROS";"FEMININO";"17 anos";"17";"0,000"
"Brasil";"PROS";"FEMININO";"18 a 20 anos";"798";"0,005"
"Brasil";"PROS";"FEMININO";"21 a 24 anos";"3.477";"0,021"
"Brasil";"PROS";"FEMININO";"25 a 34 anos";"10.144";"0,060"
"Brasil";"PROS";"FEMININO";"35 a 44 anos";"10.408";"0,062"
"Brasil";"PROS";"FEMININO";"45 a 59 anos";"10.519";"0,063"
"Brasil";"PROS";"FEMININO";"60 a 69 anos";"2.930";"0,017"
"Brasil";"PROS";"FEMININO";"70 a 79 anos";"873";"0,005"
"Brasil";"PROS";"FEMININO";"Superior a 79 anos";"195";"0,001"
"Brasil";"PROS";"MASCULINO";"16 anos";"4";"0,000"
"Brasil";"PROS";"MASCULINO";"17 anos";"26";"0,000"
"Brasil";"PROS";"MASCULINO";"18 a 20 anos";"927";"0,006"
"Brasil";"PROS";"MASCULINO";"21 a 24 anos";"4.169";"0,025"
"Brasil";"PROS";"MASCULINO";"25 a 34 anos";"13.600";"0,081"
"Brasil";"PROS";"MASCULINO";"35 a 44 anos";"15.689";"0,093"
"Brasil";"PROS";"MASCULINO";"45 a 59 anos";"17.234";"0,103"
"Brasil";"PROS";"MASCULINO";"60 a 69 anos";"5.000";"0,030"
"Brasil";"PROS";"MASCULINO";"70 a 79 anos";"1.369";"0,008"
"Brasil";"PROS";"MASCULINO";"Superior a 79 anos";"315";"0,002"
"Brasil";"PROS";"NÃO INFORMADO";"35 a 44 anos";"1";"0,000"
"Brasil";"PROS";"NÃO INFORMADO";"45 a 59 anos";"14";"0,000"
"Brasil";"PROS";"NÃO INFORMADO";"60 a 69 anos";"3";"0,000"
"Brasil";"PROS";"NÃO INFORMADO";"70 a 79 anos";"1";"0,000"
"Brasil";"PRP";"FEMININO";"17 anos";"6";"0,000"
"Brasil";"PRP";"FEMININO";"18 a 20 anos";"440";"0,003"
"Brasil";"PRP";"FEMININO";"21 a 24 anos";"2.390";"0,014"
"Brasil";"PRP";"FEMININO";"25 a 34 anos";"14.143";"0,084"
"Brasil";"PRP";"FEMININO";"35 a 44 anos";"24.026";"0,143"
"Brasil";"PRP";"FEMININO";"45 a 59 anos";"40.682";"0,242"
"Brasil";"PRP";"FEMININO";"60 a 69 anos";"17.477";"0,104"
"Brasil";"PRP";"FEMININO";"70 a 79 anos";"8.609";"0,051"
"Brasil";"PRP";"FEMININO";"Inválida";"3";"0,000"
"Brasil";"PRP";"FEMININO";"Superior a 79 anos";"4.549";"0,027"
"Brasil";"PRP";"MASCULINO";"16 anos";"1";"0,000"
"Brasil";"PRP";"MASCULINO";"17 anos";"4";"0,000"
"Brasil";"PRP";"MASCULINO";"18 a 20 anos";"516";"0,003"
"Brasil";"PRP";"MASCULINO";"21 a 24 anos";"2.526";"0,015"
"Brasil";"PRP";"MASCULINO";"25 a 34 anos";"16.324";"0,097"
"Brasil";"PRP";"MASCULINO";"35 a 44 anos";"30.568";"0,182"
"Brasil";"PRP";"MASCULINO";"45 a 59 anos";"50.876";"0,303"
"Brasil";"PRP";"MASCULINO";"60 a 69 anos";"21.244";"0,126"
"Brasil";"PRP";"MASCULINO";"70 a 79 anos";"10.214";"0,061"
"Brasil";"PRP";"MASCULINO";"Inválida";"3";"0,000"
"Brasil";"PRP";"MASCULINO";"Superior a 79 anos";"5.656";"0,034"
"Brasil";"PRP";"NÃO INFORMADO";"45 a 59 anos";"80";"0,000"
"Brasil";"PRP";"NÃO INFORMADO";"60 a 69 anos";"65";"0,000"
"Brasil";"PRP";"NÃO INFORMADO";"70 a 79 anos";"49";"0,000"
"Brasil";"PRP";"NÃO INFORMADO";"Superior a 79 anos";"36";"0,000"
"Brasil";"PRP";"Não informado (nulo)";"Não informada";"404";"0,002"
"Brasil";"PRTB";"FEMININO";"16 anos";"1";"0,000"
"Brasil";"PRTB";"FEMININO";"17 anos";"5";"0,000"
"Brasil";"PRTB";"FEMININO";"18 a 20 anos";"302";"0,002"
"Brasil";"PRTB";"FEMININO";"21 a 24 anos";"1.448";"0,009"
"Brasil";"PRTB";"FEMININO";"25 a 34 anos";"10.273";"0,061"
"Brasil";"PRTB";"FEMININO";"35 a 44 anos";"16.884";"0,101"
"Brasil";"PRTB";"FEMININO";"45 a 59 anos";"19.330";"0,115"
"Brasil";"PRTB";"FEMININO";"60 a 69 anos";"7.450";"0,044"
"Brasil";"PRTB";"FEMININO";"70 a 79 anos";"3.123";"0,019"
"Brasil";"PRTB";"FEMININO";"Inválida";"1";"0,000"
"Brasil";"PRTB";"FEMININO";"Superior a 79 anos";"1.345";"0,008"
"Brasil";"PRTB";"MASCULINO";"16 anos";"1";"0,000"
"Brasil";"PRTB";"MASCULINO";"17 anos";"8";"0,000"
"Brasil";"PRTB";"MASCULINO";"18 a 20 anos";"355";"0,002"
"Brasil";"PRTB";"MASCULINO";"21 a 24 anos";"1.656";"0,010"
"Brasil";"PRTB";"MASCULINO";"25 a 34 anos";"12.168";"0,072"
"Brasil";"PRTB";"MASCULINO";"35 a 44 anos";"21.582";"0,128"
"Brasil";"PRTB";"MASCULINO";"45 a 59 anos";"26.083";"0,155"
"Brasil";"PRTB";"MASCULINO";"60 a 69 anos";"10.270";"0,061"
"Brasil";"PRTB";"MASCULINO";"70 a 79 anos";"4.299";"0,026"
"Brasil";"PRTB";"MASCULINO";"Superior a 79 anos";"1.915";"0,011"
"Brasil";"PRTB";"NÃO INFORMADO";"45 a 59 anos";"27";"0,000"
"Brasil";"PRTB";"NÃO INFORMADO";"60 a 69 anos";"22";"0,000"
"Brasil";"PRTB";"NÃO INFORMADO";"70 a 79 anos";"10";"0,000"
"Brasil";"PRTB";"NÃO INFORMADO";"Superior a 79 anos";"11";"0,000"
"Brasil";"PRTB";"Não informado (nulo)";"Não informada";"332";"0,002"
"Brasil";"PSB";"FEMININO";"16 anos";"2";"0,000"
"Brasil";"PSB";"FEMININO";"17 anos";"41";"0,000"
"Brasil";"PSB";"FEMININO";"18 a 20 anos";"1.371";"0,008"
"Brasil";"PSB";"FEMININO";"21 a 24 anos";"5.534";"0,033"
"Brasil";"PSB";"FEMININO";"25 a 34 anos";"41.145";"0,245"
"Brasil";"PSB";"FEMININO";"35 a 44 anos";"65.835";"0,392"
"Brasil";"PSB";"FEMININO";"45 a 59 anos";"98.467";"0,586"
"Brasil";"PSB";"FEMININO";"60 a 69 anos";"42.039";"0,250"
"Brasil";"PSB";"FEMININO";"70 a 79 anos";"19.076";"0,114"
"Brasil";"PSB";"FEMININO";"Inválida";"7";"0,000"
"Brasil";"PSB";"FEMININO";"Superior a 79 anos";"9.435";"0,056"
"Brasil";"PSB";"MASCULINO";"16 anos";"5";"0,000"
"Brasil";"PSB";"MASCULINO";"17 anos";"53";"0,000"
"Brasil";"PSB";"MASCULINO";"18 a 20 anos";"1.506";"0,009"
"Brasil";"PSB";"MASCULINO";"21 a 24 anos";"6.724";"0,040"
"Brasil";"PSB";"MASCULINO";"25 a 34 anos";"50.531";"0,301"
"Brasil";"PSB";"MASCULINO";"35 a 44 anos";"86.729";"0,516"
"Brasil";"PSB";"MASCULINO";"45 a 59 anos";"131.784";"0,784"
"Brasil";"PSB";"MASCULINO";"60 a 69 anos";"56.864";"0,338"
"Brasil";"PSB";"MASCULINO";"70 a 79 anos";"25.517";"0,152"
"Brasil";"PSB";"MASCULINO";"Inválida";"6";"0,000"
"Brasil";"PSB";"MASCULINO";"Superior a 79 anos";"11.977";"0,071"
"Brasil";"PSB";"NÃO INFORMADO";"35 a 44 anos";"1";"0,000"
"Brasil";"PSB";"NÃO INFORMADO";"45 a 59 anos";"196";"0,001"
"Brasil";"PSB";"NÃO INFORMADO";"60 a 69 anos";"128";"0,001"
"Brasil";"PSB";"NÃO INFORMADO";"70 a 79 anos";"86";"0,001"
"Brasil";"PSB";"NÃO INFORMADO";"Superior a 79 anos";"58";"0,000"
"Brasil";"PSB";"Não informado (nulo)";"Não informada";"1.294";"0,008"
"Brasil";"PSC";"FEMININO";"16 anos";"2";"0,000"
"Brasil";"PSC";"FEMININO";"17 anos";"12";"0,000"
"Brasil";"PSC";"FEMININO";"18 a 20 anos";"797";"0,005"
"Brasil";"PSC";"FEMININO";"21 a 24 anos";"4.014";"0,024"
"Brasil";"PSC";"FEMININO";"25 a 34 anos";"27.632";"0,164"
"Brasil";"PSC";"FEMININO";"35 a 44 anos";"41.336";"0,246"
"Brasil";"PSC";"FEMININO";"45 a 59 anos";"64.943";"0,387"
"Brasil";"PSC";"FEMININO";"60 a 69 anos";"27.082";"0,161"
"Brasil";"PSC";"FEMININO";"70 a 79 anos";"13.340";"0,079"
"Brasil";"PSC";"FEMININO";"Inválida";"4";"0,000"
"Brasil";"PSC";"FEMININO";"Superior a 79 anos";"6.992";"0,042"
"Brasil";"PSC";"MASCULINO";"16 anos";"2";"0,000"
"Brasil";"PSC";"MASCULINO";"17 anos";"24";"0,000"
"Brasil";"PSC";"MASCULINO";"18 a 20 anos";"1.006";"0,006"
"Brasil";"PSC";"MASCULINO";"21 a 24 anos";"4.621";"0,028"
"Brasil";"PSC";"MASCULINO";"25 a 34 anos";"32.887";"0,196"
"Brasil";"PSC";"MASCULINO";"35 a 44 anos";"53.759";"0,320"
"Brasil";"PSC";"MASCULINO";"45 a 59 anos";"84.890";"0,505"
"Brasil";"PSC";"MASCULINO";"60 a 69 anos";"34.394";"0,205"
"Brasil";"PSC";"MASCULINO";"70 a 79 anos";"16.196";"0,096"
"Brasil";"PSC";"MASCULINO";"Inválida";"3";"0,000"
"Brasil";"PSC";"MASCULINO";"Superior a 79 anos";"8.612";"0,051"
"Brasil";"PSC";"NÃO INFORMADO";"35 a 44 anos";"1";"0,000"
"Brasil";"PSC";"NÃO INFORMADO";"45 a 59 anos";"110";"0,001"
"Brasil";"PSC";"NÃO INFORMADO";"60 a 69 anos";"85";"0,001"
"Brasil";"PSC";"NÃO INFORMADO";"70 a 79 anos";"70";"0,000"
"Brasil";"PSC";"NÃO INFORMADO";"Superior a 79 anos";"67";"0,000"
"Brasil";"PSC";"Não informado (nulo)";"Não informada";"537";"0,003"
"Brasil";"PSD";"FEMININO";"16 anos";"1";"0,000"
"Brasil";"PSD";"FEMININO";"17 anos";"33";"0,000"
"Brasil";"PSD";"FEMININO";"18 a 20 anos";"1.520";"0,009"
"Brasil";"PSD";"FEMININO";"21 a 24 anos";"7.325";"0,044"
"Brasil";"PSD";"FEMININO";"25 a 34 anos";"32.519";"0,194"
"Brasil";"PSD";"FEMININO";"35 a 44 anos";"34.769";"0,207"
"Brasil";"PSD";"FEMININO";"45 a 59 anos";"40.256";"0,240"
"Brasil";"PSD";"FEMININO";"60 a 69 anos";"12.953";"0,077"
"Brasil";"PSD";"FEMININO";"70 a 79 anos";"4.420";"0,026"
"Brasil";"PSD";"FEMININO";"Inválida";"9";"0,000"
"Brasil";"PSD";"FEMININO";"Superior a 79 anos";"1.061";"0,006"
"Brasil";"PSD";"MASCULINO";"16 anos";"4";"0,000"
"Brasil";"PSD";"MASCULINO";"17 anos";"32";"0,000"
"Brasil";"PSD";"MASCULINO";"18 a 20 anos";"1.683";"0,010"
"Brasil";"PSD";"MASCULINO";"21 a 24 anos";"8.708";"0,052"
"Brasil";"PSD";"MASCULINO";"25 a 34 anos";"39.848";"0,237"
"Brasil";"PSD";"MASCULINO";"35 a 44 anos";"47.735";"0,284"
"Brasil";"PSD";"MASCULINO";"45 a 59 anos";"61.111";"0,364"
"Brasil";"PSD";"MASCULINO";"60 a 69 anos";"22.477";"0,134"
"Brasil";"PSD";"MASCULINO";"70 a 79 anos";"7.957";"0,047"
"Brasil";"PSD";"MASCULINO";"Inválida";"2";"0,000"
"Brasil";"PSD";"MASCULINO";"Superior a 79 anos";"1.800";"0,011"
"Brasil";"PSD";"NÃO INFORMADO";"35 a 44 anos";"1";"0,000"
"Brasil";"PSD";"NÃO INFORMADO";"45 a 59 anos";"53";"0,000"
"Brasil";"PSD";"NÃO INFORMADO";"60 a 69 anos";"28";"0,000"
"Brasil";"PSD";"NÃO INFORMADO";"70 a 79 anos";"13";"0,000"
"Brasil";"PSD";"NÃO INFORMADO";"Superior a 79 anos";"2";"0,000"
"Brasil";"PSDB";"FEMININO";"16 anos";"11";"0,000"
"Brasil";"PSDB";"FEMININO";"17 anos";"65";"0,000"
"Brasil";"PSDB";"FEMININO";"18 a 20 anos";"1.980";"0,012"
"Brasil";"PSDB";"FEMININO";"21 a 24 anos";"9.595";"0,057"
"Brasil";"PSDB";"FEMININO";"25 a 34 anos";"68.985";"0,411"
"Brasil";"PSDB";"FEMININO";"35 a 44 anos";"132.017";"0,786"
"Brasil";"PSDB";"FEMININO";"45 a 59 anos";"241.826";"1,440"
"Brasil";"PSDB";"FEMININO";"60 a 69 anos";"111.220";"0,662"
"Brasil";"PSDB";"FEMININO";"70 a 79 anos";"55.318";"0,329"
"Brasil";"PSDB";"FEMININO";"Inválida";"14";"0,000"
"Brasil";"PSDB";"FEMININO";"Superior a 79 anos";"29.208";"0,174"
"Brasil";"PSDB";"MASCULINO";"16 anos";"11";"0,000"
"Brasil";"PSDB";"MASCULINO";"17 anos";"99";"0,001"
"Brasil";"PSDB";"MASCULINO";"18 a 20 anos";"2.801";"0,017"
"Brasil";"PSDB";"MASCULINO";"21 a 24 anos";"12.883";"0,077"
"Brasil";"PSDB";"MASCULINO";"25 a 34 anos";"86.125";"0,513"
"Brasil";"PSDB";"MASCULINO";"35 a 44 anos";"160.437";"0,955"
"Brasil";"PSDB";"MASCULINO";"45 a 59 anos";"291.046";"1,732"
"Brasil";"PSDB";"MASCULINO";"60 a 69 anos";"140.518";"0,836"
"Brasil";"PSDB";"MASCULINO";"70 a 79 anos";"72.426";"0,431"
"Brasil";"PSDB";"MASCULINO";"Inválida";"19";"0,000"
"Brasil";"PSDB";"MASCULINO";"Superior a 79 anos";"39.458";"0,235"
"Brasil";"PSDB";"NÃO INFORMADO";"35 a 44 anos";"6";"0,000"
"Brasil";"PSDB";"NÃO INFORMADO";"45 a 59 anos";"398";"0,002"
"Brasil";"PSDB";"NÃO INFORMADO";"60 a 69 anos";"291";"0,002"
"Brasil";"PSDB";"NÃO INFORMADO";"70 a 79 anos";"224";"0,001"
"Brasil";"PSDB";"NÃO INFORMADO";"Superior a 79 anos";"211";"0,001"
"Brasil";"PSDB";"Não informado (nulo)";"Não informada";"3.766";"0,022"
"Brasil";"PSL";"FEMININO";"16 anos";"3";"0,000"
"Brasil";"PSL";"FEMININO";"17 anos";"15";"0,000"
"Brasil";"PSL";"FEMININO";"18 a 20 anos";"457";"0,003"
"Brasil";"PSL";"FEMININO";"21 a 24 anos";"2.052";"0,012"
"Brasil";"PSL";"FEMININO";"25 a 34 anos";"14.627";"0,087"
"Brasil";"PSL";"FEMININO";"35 a 44 anos";"26.489";"0,158"
"Brasil";"PSL";"FEMININO";"45 a 59 anos";"33.988";"0,202"
"Brasil";"PSL";"FEMININO";"60 a 69 anos";"13.358";"0,080"
"Brasil";"PSL";"FEMININO";"70 a 79 anos";"6.266";"0,037"
"Brasil";"PSL";"FEMININO";"Inválida";"3";"0,000"
"Brasil";"PSL";"FEMININO";"Superior a 79 anos";"2.942";"0,018"
"Brasil";"PSL";"MASCULINO";"16 anos";"18";"0,000"
"Brasil";"PSL";"MASCULINO";"17 anos";"69";"0,000"
"Brasil";"PSL";"MASCULINO";"18 a 20 anos";"1.155";"0,007"
"Brasil";"PSL";"MASCULINO";"21 a 24 anos";"3.727";"0,022"
"Brasil";"PSL";"MASCULINO";"25 a 34 anos";"21.445";"0,128"
"Brasil";"PSL";"MASCULINO";"35 a 44 anos";"36.997";"0,220"
"Brasil";"PSL";"MASCULINO";"45 a 59 anos";"46.925";"0,279"
"Brasil";"PSL";"MASCULINO";"60 a 69 anos";"18.080";"0,108"
"Brasil";"PSL";"MASCULINO";"70 a 79 anos";"8.107";"0,048"
"Brasil";"PSL";"MASCULINO";"Inválida";"7";"0,000"
"Brasil";"PSL";"MASCULINO";"Superior a 79 anos";"3.872";"0,023"
"Brasil";"PSL";"NÃO INFORMADO";"35 a 44 anos";"1";"0,000"
"Brasil";"PSL";"NÃO INFORMADO";"45 a 59 anos";"78";"0,000"
"Brasil";"PSL";"NÃO INFORMADO";"60 a 69 anos";"41";"0,000"
"Brasil";"PSL";"NÃO INFORMADO";"70 a 79 anos";"29";"0,000"
"Brasil";"PSL";"NÃO INFORMADO";"Superior a 79 anos";"35";"0,000"
"Brasil";"PSL";"Não informado (nulo)";"Não informada";"670";"0,004"
"Brasil";"PSOL";"FEMININO";"16 anos";"2";"0,000"
"Brasil";"PSOL";"FEMININO";"17 anos";"44";"0,000"
"Brasil";"PSOL";"FEMININO";"18 a 20 anos";"1.331";"0,008"
"Brasil";"PSOL";"FEMININO";"21 a 24 anos";"5.063";"0,030"
"Brasil";"PSOL";"FEMININO";"25 a 34 anos";"18.447";"0,110"
"Brasil";"PSOL";"FEMININO";"35 a 44 anos";"16.958";"0,101"
"Brasil";"PSOL";"FEMININO";"45 a 59 anos";"17.569";"0,105"
"Brasil";"PSOL";"FEMININO";"60 a 69 anos";"5.632";"0,034"
"Brasil";"PSOL";"FEMININO";"70 a 79 anos";"1.904";"0,011"
"Brasil";"PSOL";"FEMININO";"Inválida";"2";"0,000"
"Brasil";"PSOL";"FEMININO";"Superior a 79 anos";"483";"0,003"
"Brasil";"PSOL";"MASCULINO";"16 anos";"1";"0,000"
"Brasil";"PSOL";"MASCULINO";"17 anos";"37";"0,000"
"Brasil";"PSOL";"MASCULINO";"18 a 20 anos";"1.368";"0,008"
"Brasil";"PSOL";"MASCULINO";"21 a 24 anos";"5.458";"0,032"
"Brasil";"PSOL";"MASCULINO";"25 a 34 anos";"22.547";"0,134"
"Brasil";"PSOL";"MASCULINO";"35 a 44 anos";"21.136";"0,126"
"Brasil";"PSOL";"MASCULINO";"45 a 59 anos";"21.836";"0,130"
"Brasil";"PSOL";"MASCULINO";"60 a 69 anos";"7.155";"0,043"
"Brasil";"PSOL";"MASCULINO";"70 a 79 anos";"2.272";"0,014"
"Brasil";"PSOL";"MASCULINO";"Inválida";"2";"0,000"
"Brasil";"PSOL";"MASCULINO";"Superior a 79 anos";"586";"0,003"
"Brasil";"PSOL";"NÃO INFORMADO";"35 a 44 anos";"1";"0,000"
"Brasil";"PSOL";"NÃO INFORMADO";"45 a 59 anos";"15";"0,000"
"Brasil";"PSOL";"NÃO INFORMADO";"60 a 69 anos";"16";"0,000"
"Brasil";"PSOL";"NÃO INFORMADO";"70 a 79 anos";"2";"0,000"
"Brasil";"PSOL";"NÃO INFORMADO";"Superior a 79 anos";"2";"0,000"
"Brasil";"PSOL";"Não informado (nulo)";"Não informada";"46";"0,000"
"Brasil";"PSTU";"FEMININO";"18 a 20 anos";"11";"0,000"
"Brasil";"PSTU";"FEMININO";"21 a 24 anos";"166";"0,001"
"Brasil";"PSTU";"FEMININO";"25 a 34 anos";"950";"0,006"
"Brasil";"PSTU";"FEMININO";"35 a 44 anos";"1.651";"0,010"
"Brasil";"PSTU";"FEMININO";"45 a 59 anos";"3.017";"0,018"
"Brasil";"PSTU";"FEMININO";"60 a 69 anos";"1.153";"0,007"
"Brasil";"PSTU";"FEMININO";"70 a 79 anos";"523";"0,003"
"Brasil";"PSTU";"FEMININO";"Inválida";"1";"0,000"
"Brasil";"PSTU";"FEMININO";"Superior a 79 anos";"375";"0,002"
"Brasil";"PSTU";"MASCULINO";"18 a 20 anos";"13";"0,000"
"Brasil";"PSTU";"MASCULINO";"21 a 24 anos";"153";"0,001"
"Brasil";"PSTU";"MASCULINO";"25 a 34 anos";"1.206";"0,007"
"Brasil";"PSTU";"MASCULINO";"35 a 44 anos";"2.381";"0,014"
"Brasil";"PSTU";"MASCULINO";"45 a 59 anos";"3.717";"0,022"
"Brasil";"PSTU";"MASCULINO";"60 a 69 anos";"1.130";"0,007"
"Brasil";"PSTU";"MASCULINO";"70 a 79 anos";"438";"0,003"
"Brasil";"PSTU";"MASCULINO";"Superior a 79 anos";"242";"0,001"
"Brasil";"PSTU";"NÃO INFORMADO";"45 a 59 anos";"3";"0,000"
"Brasil";"PSTU";"NÃO INFORMADO";"60 a 69 anos";"7";"0,000"
"Brasil";"PSTU";"NÃO INFORMADO";"70 a 79 anos";"1";"0,000"
"Brasil";"PSTU";"NÃO INFORMADO";"Superior a 79 anos";"1";"0,000"
"Brasil";"PSTU";"Não informado (nulo)";"Não informada";"3";"0,000"
"Brasil";"PT";"FEMININO";"16 anos";"6";"0,000"
"Brasil";"PT";"FEMININO";"17 anos";"37";"0,000"
"Brasil";"PT";"FEMININO";"18 a 20 anos";"922";"0,005"
"Brasil";"PT";"FEMININO";"21 a 24 anos";"7.870";"0,047"
"Brasil";"PT";"FEMININO";"25 a 34 anos";"98.944";"0,589"
"Brasil";"PT";"FEMININO";"35 a 44 anos";"160.549";"0,956"
"Brasil";"PT";"FEMININO";"45 a 59 anos";"250.227";"1,490"
"Brasil";"PT";"FEMININO";"60 a 69 anos";"113.349";"0,675"
"Brasil";"PT";"FEMININO";"70 a 79 anos";"49.758";"0,296"
"Brasil";"PT";"FEMININO";"Inválida";"12";"0,000"
"Brasil";"PT";"FEMININO";"Superior a 79 anos";"24.490";"0,146"
"Brasil";"PT";"MASCULINO";"16 anos";"17";"0,000"
"Brasil";"PT";"MASCULINO";"17 anos";"33";"0,000"
"Brasil";"PT";"MASCULINO";"18 a 20 anos";"1.011";"0,006"
"Brasil";"PT";"MASCULINO";"21 a 24 anos";"8.418";"0,050"
"Brasil";"PT";"MASCULINO";"25 a 34 anos";"106.953";"0,637"
"Brasil";"PT";"MASCULINO";"35 a 44 anos";"189.811";"1,130"
"Brasil";"PT";"MASCULINO";"45 a 59 anos";"319.388";"1,901"
"Brasil";"PT";"MASCULINO";"60 a 69 anos";"151.733";"0,903"
"Brasil";"PT";"MASCULINO";"70 a 79 anos";"65.556";"0,390"
"Brasil";"PT";"MASCULINO";"Inválida";"21";"0,000"
"Brasil";"PT";"MASCULINO";"Superior a 79 anos";"32.233";"0,192"
"Brasil";"PT";"NÃO INFORMADO";"35 a 44 anos";"6";"0,000"
"Brasil";"PT";"NÃO INFORMADO";"45 a 59 anos";"415";"0,002"
"Brasil";"PT";"NÃO INFORMADO";"60 a 69 anos";"382";"0,002"
"Brasil";"PT";"NÃO INFORMADO";"70 a 79 anos";"244";"0,001"
"Brasil";"PT";"NÃO INFORMADO";"Superior a 79 anos";"174";"0,001"
"Brasil";"PT";"Não informado (nulo)";"Não informada";"6.818";"0,041"
"Brasil";"PTB";"FEMININO";"16 anos";"2";"0,000"
"Brasil";"PTB";"FEMININO";"17 anos";"15";"0,000"
"Brasil";"PTB";"FEMININO";"18 a 20 anos";"813";"0,005"
"Brasil";"PTB";"FEMININO";"21 a 24 anos";"4.195";"0,025"
"Brasil";"PTB";"FEMININO";"25 a 34 anos";"40.224";"0,239"
"Brasil";"PTB";"FEMININO";"35 a 44 anos";"93.381";"0,556"
"Brasil";"PTB";"FEMININO";"45 a 59 anos";"195.575";"1,164"
"Brasil";"PTB";"FEMININO";"60 a 69 anos";"106.036";"0,631"
"Brasil";"PTB";"FEMININO";"70 a 79 anos";"57.813";"0,344"
"Brasil";"PTB";"FEMININO";"Inválida";"11";"0,000"
"Brasil";"PTB";"FEMININO";"Superior a 79 anos";"37.503";"0,223"
"Brasil";"PTB";"MASCULINO";"16 anos";"5";"0,000"
"Brasil";"PTB";"MASCULINO";"17 anos";"27";"0,000"
"Brasil";"PTB";"MASCULINO";"18 a 20 anos";"871";"0,005"
"Brasil";"PTB";"MASCULINO";"21 a 24 anos";"4.550";"0,027"
"Brasil";"PTB";"MASCULINO";"25 a 34 anos";"46.440";"0,276"
"Brasil";"PTB";"MASCULINO";"35 a 44 anos";"112.348";"0,669"
"Brasil";"PTB";"MASCULINO";"45 a 59 anos";"235.865";"1,404"
"Brasil";"PTB";"MASCULINO";"60 a 69 anos";"128.887";"0,767"
"Brasil";"PTB";"MASCULINO";"70 a 79 anos";"73.715";"0,439"
"Brasil";"PTB";"MASCULINO";"Inválida";"14";"0,000"
"Brasil";"PTB";"MASCULINO";"Superior a 79 anos";"50.387";"0,300"
"Brasil";"PTB";"NÃO INFORMADO";"35 a 44 anos";"6";"0,000"
"Brasil";"PTB";"NÃO INFORMADO";"45 a 59 anos";"457";"0,003"
"Brasil";"PTB";"NÃO INFORMADO";"60 a 69 anos";"384";"0,002"
"Brasil";"PTB";"NÃO INFORMADO";"70 a 79 anos";"331";"0,002"
"Brasil";"PTB";"NÃO INFORMADO";"Superior a 79 anos";"328";"0,002"
"Brasil";"PTB";"Não informado (nulo)";"Não informada";"1.703";"0,010"
"Brasil";"PTC";"FEMININO";"16 anos";"3";"0,000"
"Brasil";"PTC";"FEMININO";"17 anos";"8";"0,000"
"Brasil";"PTC";"FEMININO";"18 a 20 anos";"334";"0,002"
"Brasil";"PTC";"FEMININO";"21 a 24 anos";"1.683";"0,010"
"Brasil";"PTC";"FEMININO";"25 a 34 anos";"11.015";"0,066"
"Brasil";"PTC";"FEMININO";"35 a 44 anos";"15.330";"0,091"
"Brasil";"PTC";"FEMININO";"45 a 59 anos";"31.885";"0,190"
"Brasil";"PTC";"FEMININO";"60 a 69 anos";"14.301";"0,085"
"Brasil";"PTC";"FEMININO";"70 a 79 anos";"7.619";"0,045"
"Brasil";"PTC";"FEMININO";"Inválida";"6";"0,000"
"Brasil";"PTC";"FEMININO";"Superior a 79 anos";"4.906";"0,029"
"Brasil";"PTC";"MASCULINO";"17 anos";"5";"0,000"
"Brasil";"PTC";"MASCULINO";"18 a 20 anos";"354";"0,002"
"Brasil";"PTC";"MASCULINO";"21 a 24 anos";"1.791";"0,011"
"Brasil";"PTC";"MASCULINO";"25 a 34 anos";"13.101";"0,078"
"Brasil";"PTC";"MASCULINO";"35 a 44 anos";"21.012";"0,125"
"Brasil";"PTC";"MASCULINO";"45 a 59 anos";"41.673";"0,248"
"Brasil";"PTC";"MASCULINO";"60 a 69 anos";"18.385";"0,109"
"Brasil";"PTC";"MASCULINO";"70 a 79 anos";"9.345";"0,056"
"Brasil";"PTC";"MASCULINO";"Inválida";"3";"0,000"
"Brasil";"PTC";"MASCULINO";"Superior a 79 anos";"6.288";"0,037"
"Brasil";"PTC";"NÃO INFORMADO";"35 a 44 anos";"2";"0,000"
"Brasil";"PTC";"NÃO INFORMADO";"45 a 59 anos";"50";"0,000"
"Brasil";"PTC";"NÃO INFORMADO";"60 a 69 anos";"49";"0,000"
"Brasil";"PTC";"NÃO INFORMADO";"70 a 79 anos";"31";"0,000"
"Brasil";"PTC";"NÃO INFORMADO";"Superior a 79 anos";"31";"0,000"
"Brasil";"PTC";"Não informado (nulo)";"Não informada";"210";"0,001"
"Brasil";"PV";"FEMININO";"16 anos";"1";"0,000"
"Brasil";"PV";"FEMININO";"17 anos";"9";"0,000"
"Brasil";"PV";"FEMININO";"18 a 20 anos";"522";"0,003"
"Brasil";"PV";"FEMININO";"21 a 24 anos";"3.271";"0,019"
"Brasil";"PV";"FEMININO";"25 a 34 anos";"27.337";"0,163"
"Brasil";"PV";"FEMININO";"35 a 44 anos";"41.335";"0,246"
"Brasil";"PV";"FEMININO";"45 a 59 anos";"52.771";"0,314"
"Brasil";"PV";"FEMININO";"60 a 69 anos";"19.867";"0,118"
"Brasil";"PV";"FEMININO";"70 a 79 anos";"8.234";"0,049"
"Brasil";"PV";"FEMININO";"Inválida";"6";"0,000"
"Brasil";"PV";"FEMININO";"Superior a 79 anos";"3.614";"0,022"
"Brasil";"PV";"MASCULINO";"16 anos";"3";"0,000"
"Brasil";"PV";"MASCULINO";"17 anos";"16";"0,000"
"Brasil";"PV";"MASCULINO";"18 a 20 anos";"630";"0,004"
"Brasil";"PV";"MASCULINO";"21 a 24 anos";"3.788";"0,023"
"Brasil";"PV";"MASCULINO";"25 a 34 anos";"35.180";"0,209"
"Brasil";"PV";"MASCULINO";"35 a 44 anos";"58.292";"0,347"
"Brasil";"PV";"MASCULINO";"45 a 59 anos";"75.746";"0,451"
"Brasil";"PV";"MASCULINO";"60 a 69 anos";"29.126";"0,173"
"Brasil";"PV";"MASCULINO";"70 a 79 anos";"11.758";"0,070"
"Brasil";"PV";"MASCULINO";"Inválida";"2";"0,000"
"Brasil";"PV";"MASCULINO";"Superior a 79 anos";"4.531";"0,027"
"Brasil";"PV";"NÃO INFORMADO";"35 a 44 anos";"2";"0,000"
"Brasil";"PV";"NÃO INFORMADO";"45 a 59 anos";"83";"0,000"
"Brasil";"PV";"NÃO INFORMADO";"60 a 69 anos";"56";"0,000"
"Brasil";"PV";"NÃO INFORMADO";"70 a 79 anos";"33";"0,000"
"Brasil";"PV";"NÃO INFORMADO";"Superior a 79 anos";"22";"0,000"
"Brasil";"PV";"Não informado (nulo)";"Não informada";"707";"0,004"
"Brasil";"REDE";"FEMININO";"16 anos";"4";"0,000"
"Brasil";"REDE";"FEMININO";"17 anos";"12";"0,000"
"Brasil";"REDE";"FEMININO";"18 a 20 anos";"293";"0,002"
"Brasil";"REDE";"FEMININO";"21 a 24 anos";"757";"0,005"
"Brasil";"REDE";"FEMININO";"25 a 34 anos";"2.285";"0,014"
"Brasil";"REDE";"FEMININO";"35 a 44 anos";"2.389";"0,014"
"Brasil";"REDE";"FEMININO";"45 a 59 anos";"2.424";"0,014"
"Brasil";"REDE";"FEMININO";"60 a 69 anos";"657";"0,004"
"Brasil";"REDE";"FEMININO";"70 a 79 anos";"155";"0,001"
"Brasil";"REDE";"FEMININO";"Inválida";"1";"0,000"
"Brasil";"REDE";"FEMININO";"Superior a 79 anos";"19";"0,000"
"Brasil";"REDE";"MASCULINO";"16 anos";"2";"0,000"
"Brasil";"REDE";"MASCULINO";"17 anos";"13";"0,000"
"Brasil";"REDE";"MASCULINO";"18 a 20 anos";"329";"0,002"
"Brasil";"REDE";"MASCULINO";"21 a 24 anos";"966";"0,006"
"Brasil";"REDE";"MASCULINO";"25 a 34 anos";"3.485";"0,021"
"Brasil";"REDE";"MASCULINO";"35 a 44 anos";"3.917";"0,023"
"Brasil";"REDE";"MASCULINO";"45 a 59 anos";"4.537";"0,027"
"Brasil";"REDE";"MASCULINO";"60 a 69 anos";"1.294";"0,008"
"Brasil";"REDE";"MASCULINO";"70 a 79 anos";"334";"0,002"
"Brasil";"REDE";"MASCULINO";"Superior a 79 anos";"53";"0,000"
"Brasil";"REDE";"NÃO INFORMADO";"35 a 44 anos";"1";"0,000"
"Brasil";"REDE";"NÃO INFORMADO";"45 a 59 anos";"6";"0,000"
"Brasil";"REDE";"NÃO INFORMADO";"60 a 69 anos";"3";"0,000"
"Brasil";"SD";"FEMININO";"16 anos";"12";"0,000"
"Brasil";"SD";"FEMININO";"17 anos";"80";"0,000"
"Brasil";"SD";"FEMININO";"18 a 20 anos";"2.966";"0,018"
"Brasil";"SD";"FEMININO";"21 a 24 anos";"9.222";"0,055"
"Brasil";"SD";"FEMININO";"25 a 34 anos";"24.433";"0,145"
"Brasil";"SD";"FEMININO";"35 a 44 anos";"24.183";"0,144"
"Brasil";"SD";"FEMININO";"45 a 59 anos";"25.414";"0,151"
"Brasil";"SD";"FEMININO";"60 a 69 anos";"7.927";"0,047"
"Brasil";"SD";"FEMININO";"70 a 79 anos";"2.572";"0,015"
"Brasil";"SD";"FEMININO";"Inválida";"5";"0,000"
"Brasil";"SD";"FEMININO";"Superior a 79 anos";"545";"0,003"
"Brasil";"SD";"MASCULINO";"16 anos";"11";"0,000"
"Brasil";"SD";"MASCULINO";"17 anos";"67";"0,000"
"Brasil";"SD";"MASCULINO";"18 a 20 anos";"2.952";"0,018"
"Brasil";"SD";"MASCULINO";"21 a 24 anos";"9.972";"0,059"
"Brasil";"SD";"MASCULINO";"25 a 34 anos";"27.106";"0,161"
"Brasil";"SD";"MASCULINO";"35 a 44 anos";"28.758";"0,171"
"Brasil";"SD";"MASCULINO";"45 a 59 anos";"31.910";"0,190"
"Brasil";"SD";"MASCULINO";"60 a 69 anos";"10.203";"0,061"
"Brasil";"SD";"MASCULINO";"70 a 79 anos";"3.416";"0,020"
"Brasil";"SD";"MASCULINO";"Inválida";"1";"0,000"
"Brasil";"SD";"MASCULINO";"Superior a 79 anos";"659";"0,004"
"Brasil";"SD";"NÃO INFORMADO";"45 a 59 anos";"33";"0,000"
"Brasil";"SD";"NÃO INFORMADO";"60 a 69 anos";"26";"0,000"
"Brasil";"SD";"NÃO INFORMADO";"70 a 79 anos";"5";"0,000"
"TOTAL";"";"";"";"16.799.238";""
